[
    {
        "name": "لوازم الکترونیکی",
        "parent": "",
        "category": "/لوازم الکترونیکی",
        "child":"yes",
        "brand": "no",
        "icon": "/catimages/digital.png",
        "idcat": "0",
        "specification": "no"
    },
    {
        "name": "موبایل و تبلت",
        "parent": "0",
        "category": "/موبایل و تبلت/لوازم الکترونیکی",
        "child":"yes",
        "brand": "no",
        "icon": "",
        "idcat": "1",
          "specification": "no"
    },
    {
        "name": "گوشی موبایل",
        "parent": "1",
        "category": "/گوشی موبایل/موبایل و تبلت/لوازم الکترونیکی",
        "child":"no",
        "brand": "yes",
        "icon": "",
        "idcat": "2",
          "specification": "yes"
    },
    {
        "name": "تبلت",
        "parent": "1",
        "category": "/تبلت/موبایل و تبلت/لوازم الکترونیکی",
        "child":"no",
        "brand": "yes",
        "icon": "",
        "idcat": "3",
          "specification": "yes"
    },
    {
        "name": "لوازم جانبی موبایل و تبلت",
        "parent": "1",
        "category": "/لوازم جانبی موبایل و تبلت/موبایل و تبلت/لوازم الکترونیکی",
        "child":"no",
        "brand": "no",
        "icon": "",
        "idcat": "4"
    },
    {
        "name": "سیم کارت",
        "category": "/سیم کارت/موبایل و تبلت/لوازم الکترونیکی",
        "child":"no",
        "brand": "no",
        "icon": "",
        "idcat": "5",
        "parent": "1"
    },
    {
        "name": "ماشین های اداری",
        "parent": "0",
        "category": "/ماشین های اداری/لوازم الکترونیکی",
        "child":"yes",
        "brand": "no",
        "icon": "",
        "idcat": "6",
          "specification": "yes"
    },
    {
        "name": "رایانه",
        "parent": "0",
        "category": "/رایانه/لوازم الکترونیکی",
        "child":"yes",
        "brand": "no",
        "icon": "",
        "idcat": "7",
          "specification": "yes"
    },
    {
        "name": "لپ تاپ",
        "parent": "7",
        "category": "/لپ تاپ/رایانه/لوازم الکترونیکی",
        "child":"no",
        "brand": "yes",
        "icon": "",
        "idcat": "08",
          "specification": "yes"
    },
    {
        "name": "رایانه رومیزی",
        "parent": "7",
        "category": "/رایانه رومیزی/رایانه/لوازم الکترونیکی",
        "brand": "no",
        "icon": "",
        "idcat": "8"
    },
    {
        "name": "قطعات و لوازم جانبی",
        "parent": "7",
        "category": "/قطعات و لوازم جانبی/رایانه/لوازم الکترونیکی",
        "child":"no",
        "brand": "no",
        "icon": "",
        "idcat": "9",
          "specification": "no"
    },
    {
        "name": "مودم و تجهیزات شبکه",
        "parent": "7",
        "category": "/مودم و تجهیزات شبکه/رایانه/لوازم الکترونیکی",
        "child":"no",
        "brand": "no",
        "icon": "",
        "idcat": "10",
          "specification": "no"
    },
    {
        "name": "پرینتر",
        "parent": "6",
        "category": "/پرینتر/ماشین های اداری/لوازم الکترونیکی",
        "child":"no",
        "brand": "yes",
        "icon": "",
        "idcat": "11",
          "specification": "no"
    },
    {
        "name": "اسکنر",
        "parent": "6",
        "category": "/اسکنر/ماشین های اداری/لوازم الکترونیکی",
        "child":"no",
        "brand": "yes",
        "icon": "",
        "idcat": "12",
          "specification": "no"
    },
    {
        "name": "دستگاه کپی",
        "parent": "6",
        "category": "/دستگاه کپی/ماشین های اداری/لوازم الکترونیکی",
        "brand": "yes",
        "icon": "",
        "idcat": "13",
          "specification": "no"
    },
    {
        "name": " دستگاه فکس",
        "parent": "6",
        "category": "/دستگاه فکس/ماشین های اداری/لوازم الکترونیکی",
        "child":"no",
        "brand": "yes",
        "icon": "",
        "idcat": "14",
          "specification": "no"
    },
    {
        "name": "قطعات و لوازم جانبی",
        "parent": "6",
        "category": "/قطعات و لوازم جانبی/ماشین های اداری/لوازم الکترونیکی",
        "child":"no",
        "brand": "yes",
        "icon": "",
        "idcat": "16",
          "specification": "no"
    },
    {
        "name": "سایر",
        "parent": "6",
        "category": "/سایر/ماشین های اداری/لوازم الکترونیکی",
        "child":"no",
        "brand": "no",
        "icon": "",
        "idcat": "17",
          "specification": "no"
    },
    {
        "name": "کنسول بازی و لوازم",
        "parent": "0",
        "category": "/کنسول بازی و لوازم/لوازم الکترونیکی",
        "child":"no",
        "brand": "no",
        "icon": "",
        "idcat": "18",
          "specification": "no"
    },
    {
        "name": "صوتی و تصویری",
        "parent": "0",
        "category": "/صوتی و تصویری/لوازم الکترونیکی",
        "child":"yes",
        "brand": "no",
        "icon": "",
        "idcat": "19",
          "specification": "no"
    },
    {
        "name": "دوربین عکاسی و فیلمبرداری",
        "parent": "19",
        "category": "/دوربین عکاسی و فیلمبرداری/صوتی و تصویری/لوازم الکترونیکی",
        "child":"yes",
        "brand": "no",
        "icon": "",
        "idcat": "20",
          "specification": "no"
    },
    {
        "name": "دوربین عکاسی",
        "parent": "20",
        "category": "/دوربین عکاسی/دوربین عکاسی و فیلمبرداری/صوتی و تصویری/لوازم الکترونیکی",
        "child":"no",
        "brand": "yes",
        "icon": "",
        "idcat": "21",
          "specification": "yes"
    },
    {
        "name": "دوربین  فیلمبرداری",
        "parent": "20",
        "category": "/دوربین  فیلمبرداری/دوربین عکاسی و فیلمبرداری/صوتی و تصویری/لوازم الکترونیکی",
        "child":"no",
        "brand": "yes",
        "icon": "",
        "idcat": "22",
          "specification": "yes"
    },
    {
        "name": "لوازم و تجهیزات",
        "parent": "20",
        "category": "/لوازم جانبی/دوربین عکاسی و فیلمبرداری/صوتی و تصویری/لوازم الکترونیکی",
        "child":"no",
        "brand": "no",
        "icon": "",
        "idcat": "23",
          "specification": "no"
    },
    {
        "name": "تلویزیون",
        "parent": "19",
        "category": "/تلویزیون/صوتی و تصویری/لوازم الکترونیکی",
        "child":"no",
        "brand": "yes",
        "icon": "",
        "idcat": "24",
          "specification": "yes"
    },
    {
        "name": "سینما خانگی",
        "parent": "19",
        "category": "/سینما خانگی/صوتی و تصویری/لوازم الکترونیکی",
        "child":"no",
        "brand": "no",
        "icon": "",
        "idcat": "25",
          "specification": "yes"
    },
    {
        "name": "دستگاه پخش",
        "parent": "19",
        "category": "/دستگاه پخش/صوتی و تصویری/لوازم الکترونیکی",
        "child":"no",
        "brand": "no",
        "icon": "",
        "idcat": "26",
          "specification": "no"
    },
    {
        "name": "لوازم جانبی",
        "parent": "19",
        "category": "/لوازم و تجهیزات/صوتی و تصویری/لوازم الکترونیکی",
        "child":"no",
        "brand": "no",
        "icon": "",
        "idcat": "27",
          "specification": "no"
    },
    {
        "name": "تجهیزات امنیتی",
        "parent": "19",
        "category": "/تجهیزات امنیتی/صوتی و تصویری/لوازم الکترونیکی",
        "child":"no",
        "brand": "no",
        "icon": "",
        "idcat": "28",
          "specification": "no"
    },
    {
        "name": "سایر",
        "parent": "19",
        "category": "/سایر/صوتی و تصویری/لوازم الکترونیکی",
        "child":"no",
        "brand": "no",
        "icon": "",
        "idcat": "29",
          "specification": "no"
    }
]
